AAA,K
AAT,N
AAC,N
AAG,K
AAY,N
AAR,K
ATA,I
ATT,I
ATC,I
ATG,M
ATY,I
ATW,I
ATM,I
ATH,I
ACA,T
ACT,T
ACC,T
ACG,T
ACY,T
ACR,T
ACW,T
ACS,T
ACK,T
ACM,T
ACD,T
ACV,T
ACH,T
ACB,T
ACN,T
AGA,R
AGT,S
AGC,S
AGG,R
AGY,S
AGR,R
TAA,*
TAT,Y
TAC,Y
TAG,*
TAY,Y
TAR,*
TTA,L
TTT,F
TTC,F
TTG,L
TTY,F
TTR,L
TCA,S
TCT,S
TCC,S
TCG,S
TCY,S
TCR,S
TCW,S
TCS,S
TCK,S
TCM,S
TCD,S
TCV,S
TCH,S
TCB,S
TCN,S
TGA,*
TGT,C
TGC,C
TGG,W
TGY,C
TRA,*
CAA,Q
CAT,H
CAC,H
CAG,Q
CAY,H
CAR,Q
CTA,L
CTT,L
CTC,L
CTG,L
CTY,L
CTR,L
CTW,L
CTS,L
CTK,L
CTM,L
CTD,L
CTV,L
CTH,L
CTB,L
CTN,L
CCA,P
CCT,P
CCC,P
CCG,P
CCY,P
CCR,P
CCW,P
CCS,P
CCK,P
CCM,P
CCD,P
CCV,P
CCH,P
CCB,P
CCN,P
CGA,R
CGT,R
CGC,R
CGG,R
CGY,R
CGR,R
CGW,R
CGS,R
CGK,R
CGM,R
CGD,R
CGV,R
CGH,R
CGB,R
CGN,R
GAA,E
GAT,D
GAC,D
GAG,E
GAY,D
GAR,E
GTA,V
GTT,V
GTC,V
GTG,V
GTY,V
GTR,V
GTW,V
GTS,V
GTK,V
GTM,V
GTD,V
GTV,V
GTH,V
GTB,V
GTN,V
GCA,A
GCT,A
GCC,A
GCG,A
GCY,A
GCR,A
GCW,A
GCS,A
GCK,A
GCM,A
GCD,A
GCV,A
GCH,A
GCB,A
GCN,A
GGA,G
GGT,G
GGC,G
GGG,G
GGY,G
GGR,G
GGW,G
GGS,G
GGK,G
GGM,G
GGD,G
GGV,G
GGH,G
GGB,G
GGN,G
YTA,L
YTG,L
YTR,L
RAT,B
RAC,B
RAY,B
WTA,J
SAA,Z
SAG,Z
SAR,Z
MTA,J
MTT,J
MTC,J
MTY,J
MTW,J
MTM,J
MTH,J
MGA,R
MGG,R
MGR,R
HTA,J
